action,technique_id,stakeholder_id,capability,note
detect,dga-domains,registrars,yes,"eSLDs only, w/ analysis at point of creation and during the lifetime of the domains"
detect,dga-domains,registries,yes,eSLDs only
detect,dga-domains,authoritative-operators,yes,"eSLDs only, w/ analysis of customer domains"
detect,dga-domains,domain-name-resellers,yes,eSLDs only
detect,dga-domains,recursive-operators,yes,Logs/ Passive DNS logging & analysis
detect,dga-domains,network-operators,no,
detect,dga-domains,application-service-provider,yes,
detect,dga-domains,hosting-provider,no,
detect,dga-domains,threat-intelligence-provider,yes,
detect,dga-domains,device-os-and-application-software-developers,no,
detect,dga-domains,domain-registrants,no,N/A (Registrant is Threat Actor Itself)
detect,dga-domains,end-user,no,
detect,dga-domains,law-enforcement-and-public-safety-authorities,yes,Can engage registries and/or PSWG GAC
detect,dga-domains,csirts,no,
detect,dga-domains,incident-responder-internal,yes,if outgoing queries logged
detect,domain-name-compromise,registrars,yes,
detect,domain-name-compromise,registries,yes,
detect,domain-name-compromise,authoritative-operators,no,
detect,domain-name-compromise,domain-name-resellers,yes,
detect,domain-name-compromise,recursive-operators,yes,DNS RPZ + threat intelligence feeds
detect,domain-name-compromise,network-operators,no,
detect,domain-name-compromise,application-service-provider,no,
detect,domain-name-compromise,hosting-provider,no,
detect,domain-name-compromise,threat-intelligence-provider,yes,
detect,domain-name-compromise,device-os-and-application-software-developers,no,
detect,domain-name-compromise,domain-registrants,yes,w/ proactive monitoring
detect,domain-name-compromise,end-user,no,
detect,domain-name-compromise,law-enforcement-and-public-safety-authorities,yes,
detect,domain-name-compromise,csirts,no,
detect,domain-name-compromise,incident-responder-internal,no,Assuming external domain
detect,lame-delegations,registrars,yes,
detect,lame-delegations,registries,yes,
detect,lame-delegations,authoritative-operators,yes,
detect,lame-delegations,domain-name-resellers,yes,
detect,lame-delegations,recursive-operators,yes,
detect,lame-delegations,network-operators,yes,
detect,lame-delegations,application-service-provider,yes,
detect,lame-delegations,hosting-provider,yes,
detect,lame-delegations,threat-intelligence-provider,yes,
detect,lame-delegations,device-os-and-application-software-developers,yes,
detect,lame-delegations,domain-registrants,yes,w/ proactive monitoring
detect,lame-delegations,end-user,yes,
detect,lame-delegations,law-enforcement-and-public-safety-authorities,yes,
detect,lame-delegations,csirts,yes,
detect,lame-delegations,incident-responder-internal,yes,without historical delegation info
detect,dns-cache-poisoning,registrars,no,
detect,dns-cache-poisoning,registries,no,
detect,dns-cache-poisoning,authoritative-operators,no,
detect,dns-cache-poisoning,domain-name-resellers,no,
detect,dns-cache-poisoning,recursive-operators,yes,Validating DNSSEC at the recursive and enabling extended errors - RFC 8914
detect,dns-cache-poisoning,network-operators,yes,"Flow analysis - NetFlow, Zeek"
detect,dns-cache-poisoning,application-service-provider,no,
detect,dns-cache-poisoning,hosting-provider,no,
detect,dns-cache-poisoning,threat-intelligence-provider,yes,
detect,dns-cache-poisoning,device-os-and-application-software-developers,no,
detect,dns-cache-poisoning,domain-registrants,yes,w/ proactive monitoring
detect,dns-cache-poisoning,end-user,no,
detect,dns-cache-poisoning,law-enforcement-and-public-safety-authorities,no,
detect,dns-cache-poisoning,csirts,no,
detect,dns-cache-poisoning,incident-responder-internal,no,Assuming external resolver is poisoned
detect,dns-rebinding,registrars,no,
detect,dns-rebinding,registries,no,
detect,dns-rebinding,authoritative-operators,no,
detect,dns-rebinding,domain-name-resellers,no,
detect,dns-rebinding,recursive-operators,yes,pDNS analysis - DNS responses varying from public to RFC 1918
detect,dns-rebinding,network-operators,yes,"Flow analysis - NetFlow, Zeek"
detect,dns-rebinding,application-service-provider,no,
detect,dns-rebinding,hosting-provider,no,
detect,dns-rebinding,threat-intelligence-provider,yes,
detect,dns-rebinding,device-os-and-application-software-developers,no,
detect,dns-rebinding,domain-registrants,yes,w/ proactive monitoring
detect,dns-rebinding,end-user,no,
detect,dns-rebinding,law-enforcement-and-public-safety-authorities,no,
detect,dns-rebinding,csirts,no,
detect,dns-rebinding,incident-responder-internal,yes,
detect,dns-server-compromise,registrars,no,
detect,dns-server-compromise,registries,no,
detect,dns-server-compromise,authoritative-operators,yes,if the compromise is of the authoritative server
detect,dns-server-compromise,domain-name-resellers,no,
detect,dns-server-compromise,recursive-operators,yes,if the recursive resolver is itself compromised
detect,dns-server-compromise,network-operators,no,
detect,dns-server-compromise,application-service-provider,yes,
detect,dns-server-compromise,hosting-provider,no,
detect,dns-server-compromise,threat-intelligence-provider,yes,
detect,dns-server-compromise,device-os-and-application-software-developers,no,
detect,dns-server-compromise,domain-registrants,no,
detect,dns-server-compromise,end-user,no,
detect,dns-server-compromise,law-enforcement-and-public-safety-authorities,no,
detect,dns-server-compromise,csirts,no,
detect,dns-server-compromise,incident-responder-internal,no,If no passive DNS logs from before the compromise
detect,stub-resolver-hijacking,registrars,no,
detect,stub-resolver-hijacking,registries,no,
detect,stub-resolver-hijacking,authoritative-operators,no,
detect,stub-resolver-hijacking,domain-name-resellers,no,
detect,stub-resolver-hijacking,recursive-operators,no,
detect,stub-resolver-hijacking,network-operators,no,
detect,stub-resolver-hijacking,application-service-provider,no,
detect,stub-resolver-hijacking,hosting-provider,no,
detect,stub-resolver-hijacking,threat-intelligence-provider,yes,
detect,stub-resolver-hijacking,device-os-and-application-software-developers,yes,
detect,stub-resolver-hijacking,domain-registrants,no,
detect,stub-resolver-hijacking,end-user,yes,Maybe depends on Anti-virus Software
detect,stub-resolver-hijacking,law-enforcement-and-public-safety-authorities,no,
detect,stub-resolver-hijacking,csirts,no,
detect,stub-resolver-hijacking,incident-responder-internal,yes,
detect,local-recursive-resolver-hijacking,registrars,no,
detect,local-recursive-resolver-hijacking,registries,no,
detect,local-recursive-resolver-hijacking,authoritative-operators,no,
detect,local-recursive-resolver-hijacking,domain-name-resellers,no,
detect,local-recursive-resolver-hijacking,recursive-operators,no,
detect,local-recursive-resolver-hijacking,network-operators,yes,"NetFlow, Zeek + threat intelligence"
detect,local-recursive-resolver-hijacking,application-service-provider,no,
detect,local-recursive-resolver-hijacking,hosting-provider,no,
detect,local-recursive-resolver-hijacking,threat-intelligence-provider,yes,
detect,local-recursive-resolver-hijacking,device-os-and-application-software-developers,yes,
detect,local-recursive-resolver-hijacking,domain-registrants,no,
detect,local-recursive-resolver-hijacking,end-user,yes,Built-in security features on home routers
detect,local-recursive-resolver-hijacking,law-enforcement-and-public-safety-authorities,no,
detect,local-recursive-resolver-hijacking,csirts,no,
detect,local-recursive-resolver-hijacking,incident-responder-internal,yes,
detect,on-path-dns-attack,registrars,no,
detect,on-path-dns-attack,registries,no,
detect,on-path-dns-attack,authoritative-operators,no,
detect,on-path-dns-attack,domain-name-resellers,no,
detect,on-path-dns-attack,recursive-operators,yes,
detect,on-path-dns-attack,network-operators,yes,
detect,on-path-dns-attack,application-service-provider,no,
detect,on-path-dns-attack,hosting-provider,no,
detect,on-path-dns-attack,threat-intelligence-provider,no,
detect,on-path-dns-attack,device-os-and-application-software-developers,no,
detect,on-path-dns-attack,domain-registrants,no,
detect,on-path-dns-attack,end-user,no,
detect,on-path-dns-attack,law-enforcement-and-public-safety-authorities,no,
detect,on-path-dns-attack,csirts,no,
detect,on-path-dns-attack,incident-responder-internal,yes,Only if passive DNS logs and if resolution path can be checked
detect,dos-against-the-dns,registrars,no,
detect,dos-against-the-dns,registries,no,
detect,dos-against-the-dns,authoritative-operators,yes,if the attack is against authoritative servers
detect,dos-against-the-dns,domain-name-resellers,no,
detect,dos-against-the-dns,recursive-operators,yes,"if attack targets the recursive or authoritative - logs, NetFlow, Zeek"
detect,dos-against-the-dns,network-operators,yes,"Flow analysis - NetFlow, Zeek"
detect,dos-against-the-dns,application-service-provider,no,
detect,dos-against-the-dns,hosting-provider,no,
detect,dos-against-the-dns,threat-intelligence-provider,no,
detect,dos-against-the-dns,device-os-and-application-software-developers,no,
detect,dos-against-the-dns,domain-registrants,no,
detect,dos-against-the-dns,end-user,no,
detect,dos-against-the-dns,law-enforcement-and-public-safety-authorities,yes,
detect,dos-against-the-dns,csirts,no,
detect,dos-against-the-dns,incident-responder-internal,yes,
detect,dns-as-a-vector-for-dos,registrars,no,
detect,dns-as-a-vector-for-dos,registries,no,
detect,dns-as-a-vector-for-dos,authoritative-operators,yes,if attack leverages authoritative responses
detect,dns-as-a-vector-for-dos,domain-name-resellers,no,
detect,dns-as-a-vector-for-dos,recursive-operators,yes,"if attack targets the recursive or authoritative - logs, NetFlow, Zeek"
detect,dns-as-a-vector-for-dos,network-operators,yes,"Flow analysis - NetFlow, Zeek"
detect,dns-as-a-vector-for-dos,application-service-provider,no,
detect,dns-as-a-vector-for-dos,hosting-provider,no,
detect,dns-as-a-vector-for-dos,threat-intelligence-provider,no,
detect,dns-as-a-vector-for-dos,device-os-and-application-software-developers,yes,
detect,dns-as-a-vector-for-dos,domain-registrants,no,
detect,dns-as-a-vector-for-dos,end-user,no,
detect,dns-as-a-vector-for-dos,law-enforcement-and-public-safety-authorities,yes,
detect,dns-as-a-vector-for-dos,csirts,no,
detect,dns-as-a-vector-for-dos,incident-responder-internal,yes,
detect,obfuscation-via-dynamic-dns,registrars,no,
detect,obfuscation-via-dynamic-dns,registries,yes,eSLDs only
detect,obfuscation-via-dynamic-dns,authoritative-operators,no,
detect,obfuscation-via-dynamic-dns,domain-name-resellers,no,
detect,obfuscation-via-dynamic-dns,recursive-operators,yes,
detect,obfuscation-via-dynamic-dns,network-operators,no,
detect,obfuscation-via-dynamic-dns,application-service-provider,no,
detect,obfuscation-via-dynamic-dns,hosting-provider,no,
detect,obfuscation-via-dynamic-dns,threat-intelligence-provider,yes,
detect,obfuscation-via-dynamic-dns,device-os-and-application-software-developers,no,
detect,obfuscation-via-dynamic-dns,domain-registrants,no,N/A (Registrant is Threat Actor Itself)
detect,obfuscation-via-dynamic-dns,end-user,yes,Anti-virus Software
detect,obfuscation-via-dynamic-dns,law-enforcement-and-public-safety-authorities,yes,
detect,obfuscation-via-dynamic-dns,csirts,no,
detect,obfuscation-via-dynamic-dns,incident-responder-internal,yes,"assuming pDNS logs, or active resolutions if ongoing"
detect,fast-flux,registrars,no,
detect,fast-flux,registries,yes,eSLDs only
detect,fast-flux,authoritative-operators,yes,"eSLDs only,flagging short TTLs for further analysis"
detect,fast-flux,domain-name-resellers,no,
detect,fast-flux,recursive-operators,yes,"Flow analysis using NetFlow, Zeek"
detect,fast-flux,network-operators,no,not without Passive DNS
detect,fast-flux,application-service-provider,no,
detect,fast-flux,hosting-provider,no,
detect,fast-flux,threat-intelligence-provider,yes,
detect,fast-flux,device-os-and-application-software-developers,no,
detect,fast-flux,domain-registrants,no,N/A (Registrant is Threat Actor Itself)
detect,fast-flux,end-user,yes,Anti-virus Software
detect,fast-flux,law-enforcement-and-public-safety-authorities,yes,
detect,fast-flux,csirts,no,
detect,fast-flux,incident-responder-internal,yes,"assuming passive DNS logs, or maybe active resolutions if dynamic DNS is ongoing"
detect,infiltration-and-exfiltration-via-the-dns,registrars,no,
detect,infiltration-and-exfiltration-via-the-dns,registries,no,
detect,infiltration-and-exfiltration-via-the-dns,authoritative-operators,no,
detect,infiltration-and-exfiltration-via-the-dns,domain-name-resellers,no,
detect,infiltration-and-exfiltration-via-the-dns,recursive-operators,no,
detect,infiltration-and-exfiltration-via-the-dns,network-operators,no,not without analysis of traffic
detect,infiltration-and-exfiltration-via-the-dns,application-service-provider,no,
detect,infiltration-and-exfiltration-via-the-dns,hosting-provider,no,
detect,infiltration-and-exfiltration-via-the-dns,threat-intelligence-provider,yes,
detect,infiltration-and-exfiltration-via-the-dns,device-os-and-application-software-developers,no,
detect,infiltration-and-exfiltration-via-the-dns,domain-registrants,no,N/A (Registrant is Threat Actor Itself)
detect,infiltration-and-exfiltration-via-the-dns,end-user,no,
detect,infiltration-and-exfiltration-via-the-dns,law-enforcement-and-public-safety-authorities,yes,
detect,infiltration-and-exfiltration-via-the-dns,csirts,no,
detect,infiltration-and-exfiltration-via-the-dns,incident-responder-internal,yes,assuming pDNS logs
detect,malicious-registration-of-effective-second-level-domains,registrars,yes,"eSLDs only, w/ analysis at point of creation and during the lifetime of the domains"
detect,malicious-registration-of-effective-second-level-domains,registries,yes,
detect,malicious-registration-of-effective-second-level-domains,authoritative-operators,yes,depending on the strings
detect,malicious-registration-of-effective-second-level-domains,domain-name-resellers,yes,
detect,malicious-registration-of-effective-second-level-domains,recursive-operators,yes,pDNS analysis
detect,malicious-registration-of-effective-second-level-domains,network-operators,no,
detect,malicious-registration-of-effective-second-level-domains,application-service-provider,yes,
detect,malicious-registration-of-effective-second-level-domains,hosting-provider,no,
detect,malicious-registration-of-effective-second-level-domains,threat-intelligence-provider,yes,
detect,malicious-registration-of-effective-second-level-domains,device-os-and-application-software-developers,no,
detect,malicious-registration-of-effective-second-level-domains,domain-registrants,no,N/A (Registrant is Threat Actor Itself)
detect,malicious-registration-of-effective-second-level-domains,end-user,no,
detect,malicious-registration-of-effective-second-level-domains,law-enforcement-and-public-safety-authorities,yes,"Contact registrar, escalate to registry"
detect,malicious-registration-of-effective-second-level-domains,csirts,no,
detect,malicious-registration-of-effective-second-level-domains,incident-responder-internal,no,Can't detect the registration
detect,creation-of-malicious-subdomains-under-dynamic-dns-providers,registrars,no,
detect,creation-of-malicious-subdomains-under-dynamic-dns-providers,registries,no,
detect,creation-of-malicious-subdomains-under-dynamic-dns-providers,authoritative-operators,yes,
detect,creation-of-malicious-subdomains-under-dynamic-dns-providers,domain-name-resellers,no,
detect,creation-of-malicious-subdomains-under-dynamic-dns-providers,recursive-operators,yes,DNS RPZ logging + threat intelligence
detect,creation-of-malicious-subdomains-under-dynamic-dns-providers,network-operators,no,
detect,creation-of-malicious-subdomains-under-dynamic-dns-providers,application-service-provider,yes,
detect,creation-of-malicious-subdomains-under-dynamic-dns-providers,hosting-provider,no,
detect,creation-of-malicious-subdomains-under-dynamic-dns-providers,threat-intelligence-provider,yes,
detect,creation-of-malicious-subdomains-under-dynamic-dns-providers,device-os-and-application-software-developers,no,
detect,creation-of-malicious-subdomains-under-dynamic-dns-providers,domain-registrants,no,N/A (Registrant is Threat Actor Itself)
detect,creation-of-malicious-subdomains-under-dynamic-dns-providers,end-user,no,
detect,creation-of-malicious-subdomains-under-dynamic-dns-providers,law-enforcement-and-public-safety-authorities,yes,
detect,creation-of-malicious-subdomains-under-dynamic-dns-providers,csirts,no,
detect,creation-of-malicious-subdomains-under-dynamic-dns-providers,incident-responder-internal,no,Creation of names not detectable
detect,compromise-of-a-non-dns-server-to-conduct-abuse,registrars,no,
detect,compromise-of-a-non-dns-server-to-conduct-abuse,registries,no,
detect,compromise-of-a-non-dns-server-to-conduct-abuse,authoritative-operators,no,
detect,compromise-of-a-non-dns-server-to-conduct-abuse,domain-name-resellers,no,
detect,compromise-of-a-non-dns-server-to-conduct-abuse,recursive-operators,no,
detect,compromise-of-a-non-dns-server-to-conduct-abuse,network-operators,no,
detect,compromise-of-a-non-dns-server-to-conduct-abuse,application-service-provider,no,
detect,compromise-of-a-non-dns-server-to-conduct-abuse,hosting-provider,yes,not bulletproof
detect,compromise-of-a-non-dns-server-to-conduct-abuse,threat-intelligence-provider,yes,
detect,compromise-of-a-non-dns-server-to-conduct-abuse,device-os-and-application-software-developers,no,
detect,compromise-of-a-non-dns-server-to-conduct-abuse,domain-registrants,no,
detect,compromise-of-a-non-dns-server-to-conduct-abuse,end-user,no,
detect,compromise-of-a-non-dns-server-to-conduct-abuse,law-enforcement-and-public-safety-authorities,yes,
detect,compromise-of-a-non-dns-server-to-conduct-abuse,csirts,no,
detect,compromise-of-a-non-dns-server-to-conduct-abuse,incident-responder-internal,yes,
detect,use-of-an-unregistered-domain,registrars,no,
detect,use-of-an-unregistered-domain,registries,no,
detect,use-of-an-unregistered-domain,authoritative-operators,yes,
detect,use-of-an-unregistered-domain,domain-name-resellers,no,
detect,use-of-an-unregistered-domain,recursive-operators,yes,"DNS log analysis, Zeek"
detect,use-of-an-unregistered-domain,network-operators,no,
detect,use-of-an-unregistered-domain,application-service-provider,no,
detect,use-of-an-unregistered-domain,hosting-provider,yes,not bulletproof
detect,use-of-an-unregistered-domain,threat-intelligence-provider,yes,
detect,use-of-an-unregistered-domain,device-os-and-application-software-developers,no,
detect,use-of-an-unregistered-domain,domain-registrants,no,
detect,use-of-an-unregistered-domain,end-user,no,
detect,use-of-an-unregistered-domain,law-enforcement-and-public-safety-authorities,yes,
detect,use-of-an-unregistered-domain,csirts,no,
detect,use-of-an-unregistered-domain,incident-responder-internal,yes,
detect,spoofing-of-a-registered-domain,registrars,no,
detect,spoofing-of-a-registered-domain,registries,yes,
detect,spoofing-of-a-registered-domain,authoritative-operators,no,
detect,spoofing-of-a-registered-domain,domain-name-resellers,no,
detect,spoofing-of-a-registered-domain,recursive-operators,yes,Analysis of DNS responses - RFC 8914
detect,spoofing-of-a-registered-domain,network-operators,no,
detect,spoofing-of-a-registered-domain,application-service-provider,yes,
detect,spoofing-of-a-registered-domain,hosting-provider,yes,not bulletproof
detect,spoofing-of-a-registered-domain,threat-intelligence-provider,yes,
detect,spoofing-of-a-registered-domain,device-os-and-application-software-developers,no,
detect,spoofing-of-a-registered-domain,domain-registrants,no,unless using DMARC
detect,spoofing-of-a-registered-domain,end-user,no,
detect,spoofing-of-a-registered-domain,law-enforcement-and-public-safety-authorities,yes,
detect,spoofing-of-a-registered-domain,csirts,no,
detect,spoofing-of-a-registered-domain,incident-responder-internal,yes,assuming DMARC or maybe pDNS analysis
detect,dns-tunneling,registrars,no,
detect,dns-tunneling,registries,no,
detect,dns-tunneling,authoritative-operators,no,
detect,dns-tunneling,domain-name-resellers,no,
detect,dns-tunneling,recursive-operators,yes,"Flow analysis using NetFlow, Zeek"
detect,dns-tunneling,network-operators,no,not without analysis of traffic
detect,dns-tunneling,application-service-provider,no,
detect,dns-tunneling,hosting-provider,no,
detect,dns-tunneling,threat-intelligence-provider,yes,
detect,dns-tunneling,device-os-and-application-software-developers,no,
detect,dns-tunneling,domain-registrants,no,
detect,dns-tunneling,end-user,no,
detect,dns-tunneling,law-enforcement-and-public-safety-authorities,no,
detect,dns-tunneling,csirts,no,
detect,dns-tunneling,incident-responder-internal,no,"passive DNS can hypothetically detect this, but it is hard"
detect,dns-beacons-c2-communication,registrars,no,
detect,dns-beacons-c2-communication,registries,yes,
detect,dns-beacons-c2-communication,authoritative-operators,no,
detect,dns-beacons-c2-communication,domain-name-resellers,no,
detect,dns-beacons-c2-communication,recursive-operators,yes,"Flow analysis using NetFlow, Zeek"
detect,dns-beacons-c2-communication,network-operators,no,
detect,dns-beacons-c2-communication,application-service-provider,no,
detect,dns-beacons-c2-communication,hosting-provider,no,
detect,dns-beacons-c2-communication,threat-intelligence-provider,yes,
detect,dns-beacons-c2-communication,device-os-and-application-software-developers,no,
detect,dns-beacons-c2-communication,domain-registrants,no,
detect,dns-beacons-c2-communication,end-user,no,
detect,dns-beacons-c2-communication,law-enforcement-and-public-safety-authorities,yes,
detect,dns-beacons-c2-communication,csirts,no,
detect,dns-beacons-c2-communication,incident-responder-internal,yes,"if aware of machines using the C2 channel, passive DNS"
mitigate,dga-domains,registrars,yes,updating status to onHold or changing name servers
mitigate,dga-domains,registries,yes,
mitigate,dga-domains,authoritative-operators,no,
mitigate,dga-domains,domain-name-resellers,yes,updating status to onHold or changing name servers
mitigate,dga-domains,recursive-operators,yes,dns rpz
mitigate,dga-domains,network-operators,no,
mitigate,dga-domains,application-service-provider,no,
mitigate,dga-domains,hosting-provider,no,
mitigate,dga-domains,threat-intelligence-provider,no,
mitigate,dga-domains,device-os-and-application-software-developers,no,
mitigate,dga-domains,domain-registrants,no,N/A (Registrant is Threat Actor Itself)
mitigate,dga-domains,end-user,no,
mitigate,dga-domains,law-enforcement-and-public-safety-authorities,yes,"Defensive registration, generate domains and share with registries"
mitigate,dga-domains,csirts,no,
mitigate,dga-domains,incident-responder-internal,yes,blocking
mitigate,domain-name-compromise,registrars,yes,if compromise at the registrar level
mitigate,domain-name-compromise,registries,yes,
mitigate,domain-name-compromise,authoritative-operators,yes,
mitigate,domain-name-compromise,domain-name-resellers,yes,if compromise is at the reseller level
mitigate,domain-name-compromise,recursive-operators,yes,
mitigate,domain-name-compromise,network-operators,no,
mitigate,domain-name-compromise,application-service-provider,no,
mitigate,domain-name-compromise,hosting-provider,no,
mitigate,domain-name-compromise,threat-intelligence-provider,no,
mitigate,domain-name-compromise,device-os-and-application-software-developers,no,
mitigate,domain-name-compromise,domain-registrants,yes,w/ appropriate clean up
mitigate,domain-name-compromise,end-user,no,
mitigate,domain-name-compromise,law-enforcement-and-public-safety-authorities,no,
mitigate,domain-name-compromise,csirts,no,
mitigate,domain-name-compromise,incident-responder-internal,yes,blocking
mitigate,lame-delegations,registrars,no,
mitigate,lame-delegations,registries,no,
mitigate,lame-delegations,authoritative-operators,no,
mitigate,lame-delegations,domain-name-resellers,no,
mitigate,lame-delegations,recursive-operators,no,
mitigate,lame-delegations,network-operators,no,
mitigate,lame-delegations,application-service-provider,no,
mitigate,lame-delegations,hosting-provider,no,
mitigate,lame-delegations,threat-intelligence-provider,no,
mitigate,lame-delegations,device-os-and-application-software-developers,no,
mitigate,lame-delegations,domain-registrants,yes,updating name servers
mitigate,lame-delegations,end-user,no,
mitigate,lame-delegations,law-enforcement-and-public-safety-authorities,no,
mitigate,lame-delegations,csirts,no,
mitigate,lame-delegations,incident-responder-internal,no,"contact registrar, etc."
mitigate,dns-cache-poisoning,registrars,no,
mitigate,dns-cache-poisoning,registries,no,
mitigate,dns-cache-poisoning,authoritative-operators,yes,
mitigate,dns-cache-poisoning,domain-name-resellers,no,
mitigate,dns-cache-poisoning,recursive-operators,yes,DNSSEC
mitigate,dns-cache-poisoning,network-operators,yes,
mitigate,dns-cache-poisoning,application-service-provider,no,
mitigate,dns-cache-poisoning,hosting-provider,no,
mitigate,dns-cache-poisoning,threat-intelligence-provider,no,
mitigate,dns-cache-poisoning,device-os-and-application-software-developers,no,
mitigate,dns-cache-poisoning,domain-registrants,no,
mitigate,dns-cache-poisoning,end-user,no,
mitigate,dns-cache-poisoning,law-enforcement-and-public-safety-authorities,no,
mitigate,dns-cache-poisoning,csirts,no,
mitigate,dns-cache-poisoning,incident-responder-internal,no,"contact authoritative operator, etc."
mitigate,dns-rebinding,registrars,no,
mitigate,dns-rebinding,registries,yes,
mitigate,dns-rebinding,authoritative-operators,no,
mitigate,dns-rebinding,domain-name-resellers,no,
mitigate,dns-rebinding,recursive-operators,no,
mitigate,dns-rebinding,network-operators,yes,"BCP38, BGP blackhole attacker's IP netblock"
mitigate,dns-rebinding,application-service-provider,no,
mitigate,dns-rebinding,hosting-provider,no,
mitigate,dns-rebinding,threat-intelligence-provider,no,
mitigate,dns-rebinding,device-os-and-application-software-developers,no,
mitigate,dns-rebinding,domain-registrants,no,
mitigate,dns-rebinding,end-user,no,
mitigate,dns-rebinding,law-enforcement-and-public-safety-authorities,no,
mitigate,dns-rebinding,csirts,no,
mitigate,dns-rebinding,incident-responder-internal,yes,
mitigate,dns-server-compromise,registrars,no,
mitigate,dns-server-compromise,registries,no,
mitigate,dns-server-compromise,authoritative-operators,yes,
mitigate,dns-server-compromise,domain-name-resellers,no,
mitigate,dns-server-compromise,recursive-operators,yes,only if it is their server
mitigate,dns-server-compromise,network-operators,no,
mitigate,dns-server-compromise,application-service-provider,no,
mitigate,dns-server-compromise,hosting-provider,no,
mitigate,dns-server-compromise,threat-intelligence-provider,no,
mitigate,dns-server-compromise,device-os-and-application-software-developers,no,
mitigate,dns-server-compromise,domain-registrants,no,
mitigate,dns-server-compromise,end-user,no,
mitigate,dns-server-compromise,law-enforcement-and-public-safety-authorities,no,
mitigate,dns-server-compromise,csirts,no,
mitigate,dns-server-compromise,incident-responder-internal,yes,
mitigate,stub-resolver-hijacking,registrars,no,
mitigate,stub-resolver-hijacking,registries,no,
mitigate,stub-resolver-hijacking,authoritative-operators,no,
mitigate,stub-resolver-hijacking,domain-name-resellers,no,
mitigate,stub-resolver-hijacking,recursive-operators,no,
mitigate,stub-resolver-hijacking,network-operators,no,
mitigate,stub-resolver-hijacking,application-service-provider,no,
mitigate,stub-resolver-hijacking,hosting-provider,no,
mitigate,stub-resolver-hijacking,threat-intelligence-provider,no,
mitigate,stub-resolver-hijacking,device-os-and-application-software-developers,yes,
mitigate,stub-resolver-hijacking,domain-registrants,no,
mitigate,stub-resolver-hijacking,end-user,yes,scan PC with Anti-virus software
mitigate,stub-resolver-hijacking,law-enforcement-and-public-safety-authorities,no,
mitigate,stub-resolver-hijacking,csirts,no,
mitigate,stub-resolver-hijacking,incident-responder-internal,yes,
mitigate,local-recursive-resolver-hijacking,registrars,no,
mitigate,local-recursive-resolver-hijacking,registries,no,
mitigate,local-recursive-resolver-hijacking,authoritative-operators,no,
mitigate,local-recursive-resolver-hijacking,domain-name-resellers,no,
mitigate,local-recursive-resolver-hijacking,recursive-operators,no,
mitigate,local-recursive-resolver-hijacking,network-operators,yes,block egress traffic to malicious DNS server
mitigate,local-recursive-resolver-hijacking,application-service-provider,no,
mitigate,local-recursive-resolver-hijacking,hosting-provider,no,
mitigate,local-recursive-resolver-hijacking,threat-intelligence-provider,no,
mitigate,local-recursive-resolver-hijacking,device-os-and-application-software-developers,no,
mitigate,local-recursive-resolver-hijacking,domain-registrants,no,
mitigate,local-recursive-resolver-hijacking,end-user,yes,reboot the home router or initialization
mitigate,local-recursive-resolver-hijacking,law-enforcement-and-public-safety-authorities,no,
mitigate,local-recursive-resolver-hijacking,csirts,no,
mitigate,local-recursive-resolver-hijacking,incident-responder-internal,yes,
mitigate,on-path-dns-attack,registrars,no,
mitigate,on-path-dns-attack,registries,no,
mitigate,on-path-dns-attack,authoritative-operators,no,
mitigate,on-path-dns-attack,domain-name-resellers,no,
mitigate,on-path-dns-attack,recursive-operators,no,
mitigate,on-path-dns-attack,network-operators,yes,
mitigate,on-path-dns-attack,application-service-provider,no,
mitigate,on-path-dns-attack,hosting-provider,no,
mitigate,on-path-dns-attack,threat-intelligence-provider,no,
mitigate,on-path-dns-attack,device-os-and-application-software-developers,no,
mitigate,on-path-dns-attack,domain-registrants,no,
mitigate,on-path-dns-attack,end-user,no,
mitigate,on-path-dns-attack,law-enforcement-and-public-safety-authorities,no,
mitigate,on-path-dns-attack,csirts,no,
mitigate,on-path-dns-attack,incident-responder-internal,no,contact network operator etc.
mitigate,dos-against-the-dns,registrars,no,
mitigate,dos-against-the-dns,registries,yes,
mitigate,dos-against-the-dns,authoritative-operators,no,
mitigate,dos-against-the-dns,domain-name-resellers,no,
mitigate,dos-against-the-dns,recursive-operators,no,
mitigate,dos-against-the-dns,network-operators,yes,BGP blackhole the attacker's IP
mitigate,dos-against-the-dns,application-service-provider,no,
mitigate,dos-against-the-dns,hosting-provider,no,
mitigate,dos-against-the-dns,threat-intelligence-provider,no,
mitigate,dos-against-the-dns,device-os-and-application-software-developers,no,
mitigate,dos-against-the-dns,domain-registrants,no,
mitigate,dos-against-the-dns,end-user,no,
mitigate,dos-against-the-dns,law-enforcement-and-public-safety-authorities,no,
mitigate,dos-against-the-dns,csirts,no,
mitigate,dos-against-the-dns,incident-responder-internal,yes,
mitigate,dns-as-a-vector-for-dos,registrars,no,
mitigate,dns-as-a-vector-for-dos,registries,yes,
mitigate,dns-as-a-vector-for-dos,authoritative-operators,yes,
mitigate,dns-as-a-vector-for-dos,domain-name-resellers,no,
mitigate,dns-as-a-vector-for-dos,recursive-operators,yes,
mitigate,dns-as-a-vector-for-dos,network-operators,no,
mitigate,dns-as-a-vector-for-dos,application-service-provider,no,
mitigate,dns-as-a-vector-for-dos,hosting-provider,no,
mitigate,dns-as-a-vector-for-dos,threat-intelligence-provider,no,
mitigate,dns-as-a-vector-for-dos,device-os-and-application-software-developers,no,
mitigate,dns-as-a-vector-for-dos,domain-registrants,no,
mitigate,dns-as-a-vector-for-dos,end-user,no,
mitigate,dns-as-a-vector-for-dos,law-enforcement-and-public-safety-authorities,no,
mitigate,dns-as-a-vector-for-dos,csirts,no,
mitigate,dns-as-a-vector-for-dos,incident-responder-internal,yes,
mitigate,obfuscation-via-dynamic-dns,registrars,no,only provide registration services of eSLDs
mitigate,obfuscation-via-dynamic-dns,registries,no,
mitigate,obfuscation-via-dynamic-dns,authoritative-operators,no,
mitigate,obfuscation-via-dynamic-dns,domain-name-resellers,no,
mitigate,obfuscation-via-dynamic-dns,recursive-operators,yes,
mitigate,obfuscation-via-dynamic-dns,network-operators,no,
mitigate,obfuscation-via-dynamic-dns,application-service-provider,no,
mitigate,obfuscation-via-dynamic-dns,hosting-provider,no,
mitigate,obfuscation-via-dynamic-dns,threat-intelligence-provider,no,
mitigate,obfuscation-via-dynamic-dns,device-os-and-application-software-developers,no,
mitigate,obfuscation-via-dynamic-dns,domain-registrants,no,N/A (Registrant is Threat Actor Itself)
mitigate,obfuscation-via-dynamic-dns,end-user,no,
mitigate,obfuscation-via-dynamic-dns,law-enforcement-and-public-safety-authorities,no,
mitigate,obfuscation-via-dynamic-dns,csirts,no,
mitigate,obfuscation-via-dynamic-dns,incident-responder-internal,yes,"blocking, if can be identified"
mitigate,fast-flux,registrars,yes,if they can act fast enough
mitigate,fast-flux,registries,yes,if they can act fast enough
mitigate,fast-flux,authoritative-operators,no,
mitigate,fast-flux,domain-name-resellers,yes,if they can act fast enough
mitigate,fast-flux,recursive-operators,yes,
mitigate,fast-flux,network-operators,yes,
mitigate,fast-flux,application-service-provider,no,
mitigate,fast-flux,hosting-provider,no,
mitigate,fast-flux,threat-intelligence-provider,no,
mitigate,fast-flux,device-os-and-application-software-developers,no,
mitigate,fast-flux,domain-registrants,no,N/A (Registrant is Threat Actor Itself)
mitigate,fast-flux,end-user,no,
mitigate,fast-flux,law-enforcement-and-public-safety-authorities,no,
mitigate,fast-flux,csirts,no,
mitigate,fast-flux,incident-responder-internal,yes,
mitigate,infiltration-and-exfiltration-via-the-dns,registrars,no,
mitigate,infiltration-and-exfiltration-via-the-dns,registries,no,
mitigate,infiltration-and-exfiltration-via-the-dns,authoritative-operators,no,
mitigate,infiltration-and-exfiltration-via-the-dns,domain-name-resellers,no,
mitigate,infiltration-and-exfiltration-via-the-dns,recursive-operators,yes,
mitigate,infiltration-and-exfiltration-via-the-dns,network-operators,no,
mitigate,infiltration-and-exfiltration-via-the-dns,application-service-provider,no,
mitigate,infiltration-and-exfiltration-via-the-dns,hosting-provider,no,
mitigate,infiltration-and-exfiltration-via-the-dns,threat-intelligence-provider,no,
mitigate,infiltration-and-exfiltration-via-the-dns,device-os-and-application-software-developers,no,
mitigate,infiltration-and-exfiltration-via-the-dns,domain-registrants,no,N/A (Registrant is Threat Actor Itself)
mitigate,infiltration-and-exfiltration-via-the-dns,end-user,no,
mitigate,infiltration-and-exfiltration-via-the-dns,law-enforcement-and-public-safety-authorities,no,
mitigate,infiltration-and-exfiltration-via-the-dns,csirts,no,
mitigate,infiltration-and-exfiltration-via-the-dns,incident-responder-internal,yes,
mitigate,malicious-registration-of-effective-second-level-domains,registrars,yes,updating status to onHold or changing name servers
mitigate,malicious-registration-of-effective-second-level-domains,registries,yes,
mitigate,malicious-registration-of-effective-second-level-domains,authoritative-operators,no,
mitigate,malicious-registration-of-effective-second-level-domains,domain-name-resellers,yes,updating status to onHold or changing name servers
mitigate,malicious-registration-of-effective-second-level-domains,recursive-operators,yes,
mitigate,malicious-registration-of-effective-second-level-domains,network-operators,no,
mitigate,malicious-registration-of-effective-second-level-domains,application-service-provider,no,
mitigate,malicious-registration-of-effective-second-level-domains,hosting-provider,no,
mitigate,malicious-registration-of-effective-second-level-domains,threat-intelligence-provider,no,
mitigate,malicious-registration-of-effective-second-level-domains,device-os-and-application-software-developers,no,
mitigate,malicious-registration-of-effective-second-level-domains,domain-registrants,no,N/A (Registrant is Threat Actor Itself)
mitigate,malicious-registration-of-effective-second-level-domains,end-user,no,
mitigate,malicious-registration-of-effective-second-level-domains,law-enforcement-and-public-safety-authorities,yes,"notify registrar/registry, domain seizure [LEA]"
mitigate,malicious-registration-of-effective-second-level-domains,csirts,no,
mitigate,malicious-registration-of-effective-second-level-domains,incident-responder-internal,no,cannot change registration itself
mitigate,creation-of-malicious-subdomains-under-dynamic-dns-providers,registrars,no,only provide registration services of eSLDs
mitigate,creation-of-malicious-subdomains-under-dynamic-dns-providers,registries,no,
mitigate,creation-of-malicious-subdomains-under-dynamic-dns-providers,authoritative-operators,yes,
mitigate,creation-of-malicious-subdomains-under-dynamic-dns-providers,domain-name-resellers,no,
mitigate,creation-of-malicious-subdomains-under-dynamic-dns-providers,recursive-operators,yes,
mitigate,creation-of-malicious-subdomains-under-dynamic-dns-providers,network-operators,no,
mitigate,creation-of-malicious-subdomains-under-dynamic-dns-providers,application-service-provider,no,
mitigate,creation-of-malicious-subdomains-under-dynamic-dns-providers,hosting-provider,no,
mitigate,creation-of-malicious-subdomains-under-dynamic-dns-providers,threat-intelligence-provider,no,
mitigate,creation-of-malicious-subdomains-under-dynamic-dns-providers,device-os-and-application-software-developers,no,
mitigate,creation-of-malicious-subdomains-under-dynamic-dns-providers,domain-registrants,no,N/A (Registrant is Threat Actor Itself)
mitigate,creation-of-malicious-subdomains-under-dynamic-dns-providers,end-user,no,
mitigate,creation-of-malicious-subdomains-under-dynamic-dns-providers,law-enforcement-and-public-safety-authorities,no,
mitigate,creation-of-malicious-subdomains-under-dynamic-dns-providers,csirts,no,
mitigate,creation-of-malicious-subdomains-under-dynamic-dns-providers,incident-responder-internal,no,cannot address creation itself
mitigate,compromise-of-a-non-dns-server-to-conduct-abuse,registrars,no,
mitigate,compromise-of-a-non-dns-server-to-conduct-abuse,registries,no,
mitigate,compromise-of-a-non-dns-server-to-conduct-abuse,authoritative-operators,no,
mitigate,compromise-of-a-non-dns-server-to-conduct-abuse,domain-name-resellers,no,
mitigate,compromise-of-a-non-dns-server-to-conduct-abuse,recursive-operators,no,
mitigate,compromise-of-a-non-dns-server-to-conduct-abuse,network-operators,no,
mitigate,compromise-of-a-non-dns-server-to-conduct-abuse,application-service-provider,yes,
mitigate,compromise-of-a-non-dns-server-to-conduct-abuse,hosting-provider,yes,not bulletproof
mitigate,compromise-of-a-non-dns-server-to-conduct-abuse,threat-intelligence-provider,no,
mitigate,compromise-of-a-non-dns-server-to-conduct-abuse,device-os-and-application-software-developers,no,
mitigate,compromise-of-a-non-dns-server-to-conduct-abuse,domain-registrants,no,
mitigate,compromise-of-a-non-dns-server-to-conduct-abuse,end-user,no,
mitigate,compromise-of-a-non-dns-server-to-conduct-abuse,law-enforcement-and-public-safety-authorities,no,
mitigate,compromise-of-a-non-dns-server-to-conduct-abuse,csirts,no,
mitigate,compromise-of-a-non-dns-server-to-conduct-abuse,incident-responder-internal,yes,if it is the team's AOR to fix the server
mitigate,use-of-an-unregistered-domain,registrars,no,
mitigate,use-of-an-unregistered-domain,registries,no,
mitigate,use-of-an-unregistered-domain,authoritative-operators,yes,
mitigate,use-of-an-unregistered-domain,domain-name-resellers,no,
mitigate,use-of-an-unregistered-domain,recursive-operators,yes,
mitigate,use-of-an-unregistered-domain,network-operators,no,
mitigate,use-of-an-unregistered-domain,application-service-provider,no,
mitigate,use-of-an-unregistered-domain,hosting-provider,yes,not bulletproof
mitigate,use-of-an-unregistered-domain,threat-intelligence-provider,no,
mitigate,use-of-an-unregistered-domain,device-os-and-application-software-developers,no,
mitigate,use-of-an-unregistered-domain,domain-registrants,no,
mitigate,use-of-an-unregistered-domain,end-user,no,
mitigate,use-of-an-unregistered-domain,law-enforcement-and-public-safety-authorities,no,
mitigate,use-of-an-unregistered-domain,csirts,no,
mitigate,use-of-an-unregistered-domain,incident-responder-internal,no,
mitigate,spoofing-of-a-registered-domain,registrars,yes,w/ analysis at point of creation or through the lifetime of the domains
mitigate,spoofing-of-a-registered-domain,registries,no,
mitigate,spoofing-of-a-registered-domain,authoritative-operators,no,
mitigate,spoofing-of-a-registered-domain,domain-name-resellers,yes,w/ analysis at point of creation or through the lifetime of the domains
mitigate,spoofing-of-a-registered-domain,recursive-operators,yes,
mitigate,spoofing-of-a-registered-domain,network-operators,no,
mitigate,spoofing-of-a-registered-domain,application-service-provider,no,
mitigate,spoofing-of-a-registered-domain,hosting-provider,yes,not bulletproof
mitigate,spoofing-of-a-registered-domain,threat-intelligence-provider,no,
mitigate,spoofing-of-a-registered-domain,device-os-and-application-software-developers,no,
mitigate,spoofing-of-a-registered-domain,domain-registrants,yes,"filing report, UDRP, URS as appropriate"
mitigate,spoofing-of-a-registered-domain,end-user,no,
mitigate,spoofing-of-a-registered-domain,law-enforcement-and-public-safety-authorities,no,
mitigate,spoofing-of-a-registered-domain,csirts,no,
mitigate,spoofing-of-a-registered-domain,incident-responder-internal,no,"even if DMARC applies, does not stop the spoofing"
mitigate,dns-tunneling,registrars,no,
mitigate,dns-tunneling,registries,no,
mitigate,dns-tunneling,authoritative-operators,no,
mitigate,dns-tunneling,domain-name-resellers,no,
mitigate,dns-tunneling,recursive-operators,yes,
mitigate,dns-tunneling,network-operators,no,
mitigate,dns-tunneling,application-service-provider,no,
mitigate,dns-tunneling,hosting-provider,no,
mitigate,dns-tunneling,threat-intelligence-provider,no,
mitigate,dns-tunneling,device-os-and-application-software-developers,no,
mitigate,dns-tunneling,domain-registrants,no,N/A (Registrant is Threat Actor Itself)
mitigate,dns-tunneling,end-user,no,
mitigate,dns-tunneling,law-enforcement-and-public-safety-authorities,no,
mitigate,dns-tunneling,csirts,no,
mitigate,dns-tunneling,incident-responder-internal,yes,
mitigate,dns-beacons-c2-communication,registrars,yes,C2 domain infrastructure only
mitigate,dns-beacons-c2-communication,registries,no,
mitigate,dns-beacons-c2-communication,authoritative-operators,no,
mitigate,dns-beacons-c2-communication,domain-name-resellers,yes,C2 domain infrastructure only
mitigate,dns-beacons-c2-communication,recursive-operators,yes,
mitigate,dns-beacons-c2-communication,network-operators,no,
mitigate,dns-beacons-c2-communication,application-service-provider,no,
mitigate,dns-beacons-c2-communication,hosting-provider,no,
mitigate,dns-beacons-c2-communication,threat-intelligence-provider,no,
mitigate,dns-beacons-c2-communication,device-os-and-application-software-developers,no,
mitigate,dns-beacons-c2-communication,domain-registrants,no,N/A (Registrant is Threat Actor Itself)
mitigate,dns-beacons-c2-communication,end-user,no,
mitigate,dns-beacons-c2-communication,law-enforcement-and-public-safety-authorities,yes,
mitigate,dns-beacons-c2-communication,csirts,no,
mitigate,dns-beacons-c2-communication,incident-responder-internal,yes,
prevent,dga-domains,registrars,yes,"eSLDs only, w/ analysis at point of creation and during the lifetime of the domains"
prevent,dga-domains,registries,yes,eSLDs only
prevent,dga-domains,authoritative-operators,yes,if DG algorithm is known
prevent,dga-domains,domain-name-resellers,yes,"eSLDs only, w/ analysis at point of creation and during the lifetime of the domains"
prevent,dga-domains,recursive-operators,yes,"if DG algorithm is known, DNS RPZ + threat intelligence"
prevent,dga-domains,network-operators,yes,if DG algorithm is known
prevent,dga-domains,application-service-provider,no,
prevent,dga-domains,hosting-provider,no,
prevent,dga-domains,threat-intelligence-provider,no,
prevent,dga-domains,device-os-and-application-software-developers,no,
prevent,dga-domains,domain-registrants,no,N/A (registrant is threat actor itself)
prevent,dga-domains,end-user,no,
prevent,dga-domains,law-enforcement-and-public-safety-authorities,yes,
prevent,dga-domains,csirts,yes,Investigating DG Algorithm)
prevent,dga-domains,incident-responder-internal,no,
prevent,domain-name-compromise,registrars,yes,measures to prevent compromise of registrant account
prevent,domain-name-compromise,registries,no,
prevent,domain-name-compromise,authoritative-operators,no,
prevent,domain-name-compromise,domain-name-resellers,yes,measures to prevent compromise of registrant account
prevent,domain-name-compromise,recursive-operators,no,
prevent,domain-name-compromise,network-operators,no,
prevent,domain-name-compromise,application-service-provider,no,
prevent,domain-name-compromise,hosting-provider,no,
prevent,domain-name-compromise,threat-intelligence-provider,no,
prevent,domain-name-compromise,device-os-and-application-software-developers,no,
prevent,domain-name-compromise,domain-registrants,yes,proactive measures to prevent compromise of registrant account
prevent,domain-name-compromise,end-user,no,
prevent,domain-name-compromise,law-enforcement-and-public-safety-authorities,yes,
prevent,domain-name-compromise,csirts,yes,contact relevant stakeholders
prevent,domain-name-compromise,incident-responder-internal,no,
prevent,lame-delegations,registrars,no,
prevent,lame-delegations,registries,yes,
prevent,lame-delegations,authoritative-operators,no,
prevent,lame-delegations,domain-name-resellers,no,
prevent,lame-delegations,recursive-operators,no,
prevent,lame-delegations,network-operators,no,
prevent,lame-delegations,application-service-provider,no,
prevent,lame-delegations,hosting-provider,no,
prevent,lame-delegations,threat-intelligence-provider,no,
prevent,lame-delegations,device-os-and-application-software-developers,no,
prevent,lame-delegations,domain-registrants,yes,good practices managing domain portfolio
prevent,lame-delegations,end-user,no,
prevent,lame-delegations,law-enforcement-and-public-safety-authorities,yes,
prevent,lame-delegations,csirts,yes,contact relevant stakeholders
prevent,lame-delegations,incident-responder-internal,no,
prevent,dns-cache-poisoning,registrars,no,
prevent,dns-cache-poisoning,registries,no,
prevent,dns-cache-poisoning,authoritative-operators,no,
prevent,dns-cache-poisoning,domain-name-resellers,no,
prevent,dns-cache-poisoning,recursive-operators,yes,DNSSEC validation enabled in the recursive
prevent,dns-cache-poisoning,network-operators,no,
prevent,dns-cache-poisoning,application-service-provider,no,
prevent,dns-cache-poisoning,hosting-provider,no,
prevent,dns-cache-poisoning,threat-intelligence-provider,no,
prevent,dns-cache-poisoning,device-os-and-application-software-developers,no,
prevent,dns-cache-poisoning,domain-registrants,no,
prevent,dns-cache-poisoning,end-user,no,
prevent,dns-cache-poisoning,law-enforcement-and-public-safety-authorities,yes,
prevent,dns-cache-poisoning,csirts,yes,contact recursive operator or network operator clear/refresh cache
prevent,dns-cache-poisoning,incident-responder-internal,no,assuming cache is external to the org
prevent,dns-rebinding,registrars,no,
prevent,dns-rebinding,registries,no,
prevent,dns-rebinding,authoritative-operators,no,
prevent,dns-rebinding,domain-name-resellers,no,
prevent,dns-rebinding,recursive-operators,no,
prevent,dns-rebinding,network-operators,no,
prevent,dns-rebinding,application-service-provider,no,
prevent,dns-rebinding,hosting-provider,no,
prevent,dns-rebinding,threat-intelligence-provider,no,
prevent,dns-rebinding,device-os-and-application-software-developers,no,
prevent,dns-rebinding,domain-registrants,no,
prevent,dns-rebinding,end-user,yes,set a strong password on the home router or rely on browser security features
prevent,dns-rebinding,law-enforcement-and-public-safety-authorities,yes,
prevent,dns-rebinding,csirts,yes,coordinating vulnerable/defaced websites
prevent,dns-rebinding,incident-responder-internal,yes,
prevent,dns-server-compromise,registrars,no,
prevent,dns-server-compromise,registries,no,
prevent,dns-server-compromise,authoritative-operators,yes,if the compromise is at the authoritative server
prevent,dns-server-compromise,domain-name-resellers,no,
prevent,dns-server-compromise,recursive-operators,yes,if the recursive itself is compromised
prevent,dns-server-compromise,network-operators,no,
prevent,dns-server-compromise,application-service-provider,no,
prevent,dns-server-compromise,hosting-provider,no,
prevent,dns-server-compromise,threat-intelligence-provider,no,
prevent,dns-server-compromise,device-os-and-application-software-developers,no,
prevent,dns-server-compromise,domain-registrants,no,
prevent,dns-server-compromise,end-user,no,
prevent,dns-server-compromise,law-enforcement-and-public-safety-authorities,yes,
prevent,dns-server-compromise,csirts,yes,contact relevant stakeholders
prevent,dns-server-compromise,incident-responder-internal,no,assuming server is external to org
prevent,stub-resolver-hijacking,registrars,no,
prevent,stub-resolver-hijacking,registries,no,
prevent,stub-resolver-hijacking,authoritative-operators,no,
prevent,stub-resolver-hijacking,domain-name-resellers,no,
prevent,stub-resolver-hijacking,recursive-operators,no,
prevent,stub-resolver-hijacking,network-operators,no,
prevent,stub-resolver-hijacking,application-service-provider,no,
prevent,stub-resolver-hijacking,hosting-provider,no,
prevent,stub-resolver-hijacking,threat-intelligence-provider,no,
prevent,stub-resolver-hijacking,device-os-and-application-software-developers,yes,
prevent,stub-resolver-hijacking,domain-registrants,no,
prevent,stub-resolver-hijacking,end-user,yes,keep browser and add-on tools etc. up to date
prevent,stub-resolver-hijacking,law-enforcement-and-public-safety-authorities,yes,
prevent,stub-resolver-hijacking,csirts,yes,making alerts to End Users
prevent,stub-resolver-hijacking,incident-responder-internal,yes,
prevent,local-recursive-resolver-hijacking,registrars,no,
prevent,local-recursive-resolver-hijacking,registries,no,
prevent,local-recursive-resolver-hijacking,authoritative-operators,no,
prevent,local-recursive-resolver-hijacking,domain-name-resellers,no,
prevent,local-recursive-resolver-hijacking,recursive-operators,no,
prevent,local-recursive-resolver-hijacking,network-operators,yes,"Flow analysis using NetFlow, Zeek + Threat Intelligence"
prevent,local-recursive-resolver-hijacking,application-service-provider,no,
prevent,local-recursive-resolver-hijacking,hosting-provider,no,
prevent,local-recursive-resolver-hijacking,threat-intelligence-provider,no,
prevent,local-recursive-resolver-hijacking,device-os-and-application-software-developers,yes,
prevent,local-recursive-resolver-hijacking,domain-registrants,no,
prevent,local-recursive-resolver-hijacking,end-user,yes,"Keep software up to date, set strong password, etc."
prevent,local-recursive-resolver-hijacking,law-enforcement-and-public-safety-authorities,yes,
prevent,local-recursive-resolver-hijacking,csirts,yes,making alerts to End Users
prevent,local-recursive-resolver-hijacking,incident-responder-internal,yes,
prevent,on-path-dns-attack,registrars,no,
prevent,on-path-dns-attack,registries,no,
prevent,on-path-dns-attack,authoritative-operators,no,
prevent,on-path-dns-attack,domain-name-resellers,no,
prevent,on-path-dns-attack,recursive-operators,no,
prevent,on-path-dns-attack,network-operators,yes,
prevent,on-path-dns-attack,application-service-provider,no,
prevent,on-path-dns-attack,hosting-provider,no,
prevent,on-path-dns-attack,threat-intelligence-provider,no,
prevent,on-path-dns-attack,device-os-and-application-software-developers,yes,
prevent,on-path-dns-attack,domain-registrants,no,
prevent,on-path-dns-attack,end-user,no,
prevent,on-path-dns-attack,law-enforcement-and-public-safety-authorities,yes,
prevent,on-path-dns-attack,csirts,yes,share info for awareness
prevent,on-path-dns-attack,incident-responder-internal,yes,DNSSEC validation
prevent,dos-against-the-dns,registrars,no,
prevent,dos-against-the-dns,registries,no,
prevent,dos-against-the-dns,authoritative-operators,no,
prevent,dos-against-the-dns,domain-name-resellers,no,
prevent,dos-against-the-dns,recursive-operators,no,
prevent,dos-against-the-dns,network-operators,no,
prevent,dos-against-the-dns,application-service-provider,no,
prevent,dos-against-the-dns,hosting-provider,no,
prevent,dos-against-the-dns,threat-intelligence-provider,no,
prevent,dos-against-the-dns,device-os-and-application-software-developers,no,
prevent,dos-against-the-dns,domain-registrants,no,
prevent,dos-against-the-dns,end-user,yes,"keep firmware up to date and proper configuration, etc"
prevent,dos-against-the-dns,law-enforcement-and-public-safety-authorities,yes,
prevent,dos-against-the-dns,csirts,yes,Coordination for open resolvers and infected machines
prevent,dos-against-the-dns,incident-responder-internal,no,Assuming BCP 38 is not in IR's purview
prevent,dns-as-a-vector-for-dos,registrars,no,
prevent,dns-as-a-vector-for-dos,registries,no,
prevent,dns-as-a-vector-for-dos,authoritative-operators,yes,if the attack weaponizes the authoritative responses
prevent,dns-as-a-vector-for-dos,domain-name-resellers,no,
prevent,dns-as-a-vector-for-dos,recursive-operators,yes,"ACL, rate-limiting etc"
prevent,dns-as-a-vector-for-dos,network-operators,no,
prevent,dns-as-a-vector-for-dos,application-service-provider,no,
prevent,dns-as-a-vector-for-dos,hosting-provider,no,
prevent,dns-as-a-vector-for-dos,threat-intelligence-provider,no,
prevent,dns-as-a-vector-for-dos,device-os-and-application-software-developers,yes,
prevent,dns-as-a-vector-for-dos,domain-registrants,no,
prevent,dns-as-a-vector-for-dos,end-user,yes,"keep firmware up to date and proper configuration, etc"
prevent,dns-as-a-vector-for-dos,law-enforcement-and-public-safety-authorities,yes,engage national-level CERT to identity DNS amplifiers
prevent,dns-as-a-vector-for-dos,csirts,yes,Coordination for open resolvers and infected machines
prevent,dns-as-a-vector-for-dos,incident-responder-internal,yes,clean up infected machines
prevent,obfuscation-via-dynamic-dns,registrars,no,
prevent,obfuscation-via-dynamic-dns,registries,no,
prevent,obfuscation-via-dynamic-dns,authoritative-operators,no,
prevent,obfuscation-via-dynamic-dns,domain-name-resellers,no,
prevent,obfuscation-via-dynamic-dns,recursive-operators,no,
prevent,obfuscation-via-dynamic-dns,network-operators,no,
prevent,obfuscation-via-dynamic-dns,application-service-provider,no,
prevent,obfuscation-via-dynamic-dns,hosting-provider,no,
prevent,obfuscation-via-dynamic-dns,threat-intelligence-provider,no,
prevent,obfuscation-via-dynamic-dns,device-os-and-application-software-developers,no,
prevent,obfuscation-via-dynamic-dns,domain-registrants,no,
prevent,obfuscation-via-dynamic-dns,end-user,no,
prevent,obfuscation-via-dynamic-dns,law-enforcement-and-public-safety-authorities,yes,
prevent,obfuscation-via-dynamic-dns,csirts,yes,contact relevant stakeholders
prevent,obfuscation-via-dynamic-dns,incident-responder-internal,no,
prevent,fast-flux,registrars,no,
prevent,fast-flux,registries,no,
prevent,fast-flux,authoritative-operators,no,
prevent,fast-flux,domain-name-resellers,no,
prevent,fast-flux,recursive-operators,no,
prevent,fast-flux,network-operators,no,
prevent,fast-flux,application-service-provider,no,
prevent,fast-flux,hosting-provider,no,
prevent,fast-flux,threat-intelligence-provider,no,
prevent,fast-flux,device-os-and-application-software-developers,no,
prevent,fast-flux,domain-registrants,no,
prevent,fast-flux,end-user,no,
prevent,fast-flux,law-enforcement-and-public-safety-authorities,yes,
prevent,fast-flux,csirts,yes,contact relevant stakeholders
prevent,fast-flux,incident-responder-internal,no,
prevent,infiltration-and-exfiltration-via-the-dns,registrars,no,
prevent,infiltration-and-exfiltration-via-the-dns,registries,no,
prevent,infiltration-and-exfiltration-via-the-dns,authoritative-operators,no,
prevent,infiltration-and-exfiltration-via-the-dns,domain-name-resellers,no,
prevent,infiltration-and-exfiltration-via-the-dns,recursive-operators,no,
prevent,infiltration-and-exfiltration-via-the-dns,network-operators,no,
prevent,infiltration-and-exfiltration-via-the-dns,application-service-provider,no,
prevent,infiltration-and-exfiltration-via-the-dns,hosting-provider,no,
prevent,infiltration-and-exfiltration-via-the-dns,threat-intelligence-provider,no,
prevent,infiltration-and-exfiltration-via-the-dns,device-os-and-application-software-developers,no,
prevent,infiltration-and-exfiltration-via-the-dns,domain-registrants,no,
prevent,infiltration-and-exfiltration-via-the-dns,end-user,no,
prevent,infiltration-and-exfiltration-via-the-dns,law-enforcement-and-public-safety-authorities,yes,
prevent,infiltration-and-exfiltration-via-the-dns,csirts,yes,share info for awareness
prevent,infiltration-and-exfiltration-via-the-dns,incident-responder-internal,yes,
prevent,malicious-registration-of-effective-second-level-domains,registrars,yes,"eSLDs only, analysis at point of creation"
prevent,malicious-registration-of-effective-second-level-domains,registries,yes,
prevent,malicious-registration-of-effective-second-level-domains,authoritative-operators,no,
prevent,malicious-registration-of-effective-second-level-domains,domain-name-resellers,yes,"eSLDs only, analysis at point of creation"
prevent,malicious-registration-of-effective-second-level-domains,recursive-operators,no,
prevent,malicious-registration-of-effective-second-level-domains,network-operators,no,
prevent,malicious-registration-of-effective-second-level-domains,application-service-provider,no,
prevent,malicious-registration-of-effective-second-level-domains,hosting-provider,no,
prevent,malicious-registration-of-effective-second-level-domains,threat-intelligence-provider,no,
prevent,malicious-registration-of-effective-second-level-domains,device-os-and-application-software-developers,yes,
prevent,malicious-registration-of-effective-second-level-domains,domain-registrants,no,N/A (registrant is threat actor itself)
prevent,malicious-registration-of-effective-second-level-domains,end-user,no,
prevent,malicious-registration-of-effective-second-level-domains,law-enforcement-and-public-safety-authorities,yes,"notify registrar, escalate to registry"
prevent,malicious-registration-of-effective-second-level-domains,csirts,yes,contact relevant stakeholders
prevent,malicious-registration-of-effective-second-level-domains,incident-responder-internal,no,
prevent,creation-of-malicious-subdomains-under-dynamic-dns-providers,registrars,no,
prevent,creation-of-malicious-subdomains-under-dynamic-dns-providers,registries,no,
prevent,creation-of-malicious-subdomains-under-dynamic-dns-providers,authoritative-operators,no,
prevent,creation-of-malicious-subdomains-under-dynamic-dns-providers,domain-name-resellers,no,
prevent,creation-of-malicious-subdomains-under-dynamic-dns-providers,recursive-operators,no,
prevent,creation-of-malicious-subdomains-under-dynamic-dns-providers,network-operators,no,
prevent,creation-of-malicious-subdomains-under-dynamic-dns-providers,application-service-provider,no,
prevent,creation-of-malicious-subdomains-under-dynamic-dns-providers,hosting-provider,no,
prevent,creation-of-malicious-subdomains-under-dynamic-dns-providers,threat-intelligence-provider,no,
prevent,creation-of-malicious-subdomains-under-dynamic-dns-providers,device-os-and-application-software-developers,yes,
prevent,creation-of-malicious-subdomains-under-dynamic-dns-providers,domain-registrants,no,N/A (registrant is threat actor itself)
prevent,creation-of-malicious-subdomains-under-dynamic-dns-providers,end-user,no,
prevent,creation-of-malicious-subdomains-under-dynamic-dns-providers,law-enforcement-and-public-safety-authorities,yes,
prevent,creation-of-malicious-subdomains-under-dynamic-dns-providers,csirts,yes,contact relevant stakeholders
prevent,creation-of-malicious-subdomains-under-dynamic-dns-providers,incident-responder-internal,no,
prevent,compromise-of-a-non-dns-server-to-conduct-abuse,registrars,no,
prevent,compromise-of-a-non-dns-server-to-conduct-abuse,registries,no,
prevent,compromise-of-a-non-dns-server-to-conduct-abuse,authoritative-operators,no,
prevent,compromise-of-a-non-dns-server-to-conduct-abuse,domain-name-resellers,no,
prevent,compromise-of-a-non-dns-server-to-conduct-abuse,recursive-operators,no,
prevent,compromise-of-a-non-dns-server-to-conduct-abuse,network-operators,no,
prevent,compromise-of-a-non-dns-server-to-conduct-abuse,application-service-provider,yes,
prevent,compromise-of-a-non-dns-server-to-conduct-abuse,hosting-provider,yes,not bulletproof
prevent,compromise-of-a-non-dns-server-to-conduct-abuse,threat-intelligence-provider,no,
prevent,compromise-of-a-non-dns-server-to-conduct-abuse,device-os-and-application-software-developers,no,
prevent,compromise-of-a-non-dns-server-to-conduct-abuse,domain-registrants,no,
prevent,compromise-of-a-non-dns-server-to-conduct-abuse,end-user,no,
prevent,compromise-of-a-non-dns-server-to-conduct-abuse,law-enforcement-and-public-safety-authorities,yes,
prevent,compromise-of-a-non-dns-server-to-conduct-abuse,csirts,yes,share info for awareness
prevent,compromise-of-a-non-dns-server-to-conduct-abuse,incident-responder-internal,yes,"patch management, etc."
prevent,use-of-an-unregistered-domain,registrars,no,
prevent,use-of-an-unregistered-domain,registries,yes,
prevent,use-of-an-unregistered-domain,authoritative-operators,no,
prevent,use-of-an-unregistered-domain,domain-name-resellers,no,
prevent,use-of-an-unregistered-domain,recursive-operators,no,
prevent,use-of-an-unregistered-domain,network-operators,no,
prevent,use-of-an-unregistered-domain,application-service-provider,no,
prevent,use-of-an-unregistered-domain,hosting-provider,yes,not bulletproof
prevent,use-of-an-unregistered-domain,threat-intelligence-provider,no,
prevent,use-of-an-unregistered-domain,device-os-and-application-software-developers,no,
prevent,use-of-an-unregistered-domain,domain-registrants,no,
prevent,use-of-an-unregistered-domain,end-user,no,
prevent,use-of-an-unregistered-domain,law-enforcement-and-public-safety-authorities,yes,
prevent,use-of-an-unregistered-domain,csirts,yes,share info for awareness
prevent,use-of-an-unregistered-domain,incident-responder-internal,no,
prevent,spoofing-of-a-registered-domain,registrars,yes,"eSLDs only, analysis at point of creation"
prevent,spoofing-of-a-registered-domain,registries,no,
prevent,spoofing-of-a-registered-domain,authoritative-operators,yes,preventing resolution for the spoofing domains serviced
prevent,spoofing-of-a-registered-domain,domain-name-resellers,yes,"eSLDs only, analysis at point of creation"
prevent,spoofing-of-a-registered-domain,recursive-operators,no,
prevent,spoofing-of-a-registered-domain,network-operators,no,
prevent,spoofing-of-a-registered-domain,application-service-provider,no,
prevent,spoofing-of-a-registered-domain,hosting-provider,yes,not bulletproof
prevent,spoofing-of-a-registered-domain,threat-intelligence-provider,no,
prevent,spoofing-of-a-registered-domain,device-os-and-application-software-developers,yes,
prevent,spoofing-of-a-registered-domain,domain-registrants,no,N/A (registrant is threat actor itself)
prevent,spoofing-of-a-registered-domain,end-user,no,
prevent,spoofing-of-a-registered-domain,law-enforcement-and-public-safety-authorities,yes,
prevent,spoofing-of-a-registered-domain,csirts,yes,share info for awareness
prevent,spoofing-of-a-registered-domain,incident-responder-internal,no,
prevent,dns-tunneling,registrars,no,
prevent,dns-tunneling,registries,no,
prevent,dns-tunneling,authoritative-operators,no,
prevent,dns-tunneling,domain-name-resellers,no,
prevent,dns-tunneling,recursive-operators,yes,"TLS Fingerprinting with JA3 and JA3S, Flow analysis, Zeek"
prevent,dns-tunneling,network-operators,yes,"Flow analysis using NetFlow, Zeek + Threat Intelligence"
prevent,dns-tunneling,application-service-provider,no,
prevent,dns-tunneling,hosting-provider,no,
prevent,dns-tunneling,threat-intelligence-provider,no,
prevent,dns-tunneling,device-os-and-application-software-developers,no,
prevent,dns-tunneling,domain-registrants,no,
prevent,dns-tunneling,end-user,no,
prevent,dns-tunneling,law-enforcement-and-public-safety-authorities,yes,
prevent,dns-tunneling,csirts,yes,cleaning up infected machines and analyzing the malware
prevent,dns-tunneling,incident-responder-internal,no,assuming firewall rule management and such are not AOR of IR
prevent,dns-beacons-c2-communication,registrars,no,
prevent,dns-beacons-c2-communication,registries,no,
prevent,dns-beacons-c2-communication,authoritative-operators,no,
prevent,dns-beacons-c2-communication,domain-name-resellers,no,
prevent,dns-beacons-c2-communication,recursive-operators,yes,"Flow analysis using NetFlow, Zeek"
prevent,dns-beacons-c2-communication,network-operators,yes,"Flow analysis using NetFlow, Zeek + Threat Intelligence"
prevent,dns-beacons-c2-communication,application-service-provider,no,
prevent,dns-beacons-c2-communication,hosting-provider,no,
prevent,dns-beacons-c2-communication,threat-intelligence-provider,no,
prevent,dns-beacons-c2-communication,device-os-and-application-software-developers,no,
prevent,dns-beacons-c2-communication,domain-registrants,no,
prevent,dns-beacons-c2-communication,end-user,no,
prevent,dns-beacons-c2-communication,law-enforcement-and-public-safety-authorities,yes,
prevent,dns-beacons-c2-communication,csirts,yes,cleaning up infected machines and analyzing the malware
prevent,dns-beacons-c2-communication,incident-responder-internal,no,
